phone_number,location
(256) 517-7200,"00 AM 7090 Cabela Drive NW Huntsville, AL 35806"
(205) 702-7500,"00 AM 5000 Bass Pro Blvd Leeds, AL 35094"
(334) 290-6400,"00 AM 2553 Rocky Mount Rd Prattville, AL 36066"
(251) 607-5900,"00 AM 20000 Bass Pro Dr Spanish Fort, AL 36527"
(907) 330-5200,"00 PM 3046 Mountain View Dr Anchorage, AK 99501"
(907) 341-3400,"00 PM 155 W 104th Avenue Anchorage, AK 99515"
(623) 872-6700,"00 AM 9380 W Glendale Ave Glendale, AZ 85305"
(602) 606-5600,"00 AM 1133 North Dobson Mesa, AZ 85201"
(479) 616-1925,"00 AM 2300 S Promenade Blvd Rogers, AR 72758"
(501) 954-4500,"00 AM 1 Bass Pro Dr Little Rock, AR 72210"
(909) 922-5500,"00 AM 7777 Victoria Gardens Lane Rancho Cucamonga, CA 91739"
(949) 705-3700,"00 PM 71 Technology Drive Irvine, CA 92618"
(916) 251-3800,"00 AM 5472 Crossings Dr Rocklin, CA 95677"
(669) 234-5700,"00 AM 5160 Cherry Ave San Jose, CA 95118"
(209) 825-8400,"00 AM 1356 Bass Pro Dr Manteca, CA 95337"
(720) 385-3600,"00 AM 7970 Northfield Blvd Denver, CO 80238"
(970) 683-5000,"00 AM 2424 US Hwy 6 Grand Junction, CO 81505"
(303) 625-6100,"00 AM 14050 Lincoln Street Thornton, CO 80023"
(719) 488-7300,"00 AM 13012 Bass Pro Dr Colorado Springs, CO 80921"
(303) 625-9920,"00 AM 10670 Cabela Dr Lone Tree, CO 80124"
(860) 290-6200,"00 AM 475 E Hartford Blvd East Hartford, CT 06118"
(203) 362-4200,"00 AM 1 Bass Pro Dr Bridgeport, CT 06608"
(302) 266-2300,"1410 Newark, DE 19702"
(305) 664-4615,"00 AM 81576 Overseas Highway Islamorada, FL 33036"
(321) 674-3700,"00 AM 750 Bass Pro Dr NE Palm Bay, FL 32905"
(407) 563-5200,"00 AM 5156 International Dr Orlando, FL 32819"
(850) 269-6200,"00 AM 4301 Legendary Dr Destin, FL 32541"
(850) 402-6900,"00 AM 4059 Lagniappe Way Tallahassee, FL 32317"
(904) 815-6100,"00 AM 2650 Bass Pro Shops Blvd Gainesville, FL 32608"
(352) 204-4100,"00 AM 200 Gulf Stream Way Dania Beach, FL 33004"
(772) 785-7600,"100 Daytona Beach, FL 32114"
(954) 929-7710,"00 AM 11551 Northwest 12th St Miami, FL 33172"
(386) 281-4300,"00 AM 10501 Palm River Rd Tampa, FL 33619"
(305) 341-4200,"00 AM 833 Cabela Drive Augusta, GA 30909"
(813) 655-2400,"00 AM 5900 Sugarloaf Pkwy Suite 129 Lawrenceville, GA 30043"
(239) 461-7800,"00 AM 5000 Bass Pro Blvd Macon, GA 31210"
(762) 444-6500,"00 AM 152 Northpoint Parkway Acworth, GA 30102"
(678) 847-5500,"1503 Savannah, GA 31419"
(478) 757-7600,"00 AM 8109 West Franklin Road Boise, ID 83709"
(470) 315-7500,"00 AM 3693 South 25th East Ammon, ID 83406"
(912) 961-4200,"00 AM 101 N Cabela Way Post Falls, ID 83854"
(208) 672-7900,"00 AM 709 Janes Ave Bolingbrook, IL 60440"
(208) 932-2900,"00 AM 6112 West Grand Ave Gurnee, IL 60031"
(208) 777-6300,"00 AM 5225 Prairie Stone Pkwy Hoffman Estates, IL 60192"
(630) 296-2700,"00 AM 1000 Bass Pro Shops Dr East Peoria, IL 61611"
(847) 856-1229,"00 AM 7700 Cabela Dr Hammond, IN 46324"
(847) 645-0400,"00 AM 6425 Daniel Burnham Dr Portage, IN 46368"
(309) 427-3400,"00 AM 13725 Cabela Parkway Noblesville, IN 46060"
(812) 218-5500,"00 AM 2901 Bass Pro Dr Council Bluffs, IA 51501"
(219) 845-9040,"00 AM 1000 Bass Pro Dr NW Altoona, IA 50009"
(219) 787-6800,"00 AM 2427 N Greenwich Rd Wichita, KS 67226"
(317) 565-6400,"00 AM 12051 Bass Pro Dr Olathe, KS 66061"
(712) 325-6000,"00 AM 10300 Cabela Drive Kansas City, KS 66111"
(515) 957-5500,"00 AM 5100 Norton Healthcare Blvd Louisville, KY 40241"
(316) 854-3130,"00 AM 1510 Conservation Way Lexington, KY 40509"
(913) 254-5200,"00 AM 175 Bass Pro Blvd Denham Springs, LA 70726"
(913) 328-0322,"00 AM 100 Bass Pro Dr Bossier City, LA 71111"
(502) 365-9020,"2 Hanover, MD 21076"
(270) 936-8300,"00 AM 44 Highland Common Hudson, MA 01749"
(859) 286-5300,"00 AM 1 Bass Pro Dr Foxborough, MA 02035"
(225) 743-3400,"00 AM 5202 Bay Road Saginaw, MI 48604"
(225) 271-3100,"00 AM 4500 Baldwin Rd Auburn Hills, MI 48326"
(318) 549-8800,"00 AM 3000 44th Street Southwest Grandville, MI 49418"
(207) 883-7400,"00 AM 110 Cabela Blvd East Dundee, MI 48131"
(410) 689-2500,"00 AM 8400 Hudson Road Woodbury, MN 55125"
(978) 212-6200,"00 AM 3900 Cabela Drive Owatonna, MN 55060"
(508) 216-2000,"00 AM 210 Demers Ave NW East Grand Forks, MN 56721"
(989) 321-5700,"00 AM 20200 Rogers Drive Rogers, MN 55374"
(586) 273-5100,"00 AM 100 Bass Pro Dr Pearl, MS 39208"
(248) 209-4200,"167 Hazelwood, MO 63042"
(616) 682-6700,"00 AM 3600 South Lindbergh Blvd Sunset Hills, MO 63127"
(734) 529-4700,"00 AM 3101 Bass Pro Dr Columbia, MO 65202"
(612) 255-0000,"00 AM 2011 S Campbell Avenue Springfield, MO 65807"
(507) 451-4545,"00 AM 18001 Bass Pro Dr Independence, MO 64055"
(218) 773-0282,"00 AM 1 Bass Pro Dr Springfield, MO 65807"
(763) 493-8600,"00 AM 1 Bass Pro Dr Branson, MO 65616"
(601) 933-3700,"00 AM 4550 King Avenue East Billings, MT 59101"
(314) 225-0100,"00 AM 3650 Brooks Street Missoula, MT 59801"
(314) 946-2000,"00 AM 125 Treeline Road Kalispell, MT 59901"
(573) 886-7100,"00 AM 3600 US 30 Kearney, NE 68847"
(417) 891-5375,"00 AM 12703 Westport Parkway La Vista, NE 68138"
(816) 795-4300,"00 AM 115 Cabela Drive Sidney, NE 69162"
(636) 688-2500,"00 AM 8650 Boomtown Garson Road Verdi, NV 89439"
(417) 887-7334,"00 AM 8200 Dean Martin Dr Las Vegas, NV 89139"
(417) 243-5200,"00 AM 2 Commerce Dr Hooksett, NH 03106"
(406) 373-7300,"00 AM 30 N Christopher Columbus Blvd Atlantic City, NJ 08401"
(406) 203-5400,"00 AM 5151 Lang Ave NE Albuquerque, NM 87109"
(406) 203-5200,"00 AM 710 Horatio St Utica, NY 13502"
(308) 234-3933,"00 AM 2003 Walden Ave Cheektowaga, NY 14225"
(402) 861-4800,"00 AM 1579 Clark St Rd Auburn, NY 13021"
(308) 255-7889,"00 AM 8181 Concord Mills Blvd Concord, NC 28027"
(775) 829-4100,"00 AM 801 Bass Pro Lane Cary, NC 27513"
(702) 730-5200,"00 AM 201 Cabela Drive Garner, NC 27529"
(603) 541-5200,"00 AM 5951 Bass Pro Drive West Chester, OH 45069"
(609) 449-4500,"00 AM 5500 Cornerstone North Blvd Centerville, OH 45440"
(505) 336-2700,"00 AM 35685 Chester Road Avon, OH 44011"
(315) 266-4900,"00 AM 2390 Niles Cortland Road SE Niles, OH 44484"
(716) 608-4770,"00 AM 1650 Gemini Pl Columbus, OH 43240"
(315) 258-2700,"00 AM 10000 Bass Pro Blvd Rossford, OH 43460"
(704) 979-2200,"00 AM 200 Bass Pro Dr Oklahoma City, OK 73104"
(919) 677-5100,"00 AM 1200 W Memorial Rd Oklahoma City, OK 73114"
(984) 204-2200,"00 AM 101 Bass Pro Dr Broken Arrow, OK 74012"
(513) 712-5600,"00 AM 7555 Southwest Nyberg Street Tualatin, OR 97062"
(937) 949-2000,"00 AM 2800 Gateway Street Springfield, OR 97477"
(440) 723-5600,"00 AM 3501 Paxton St Harrisburg, PA 17111"
(330) 989-7600,"00 AM 100 Cabela Drive Hamburg, PA 19526"
(614) 702-2300,"101 Greenville, SC 29607"
(419) 891-3900,"00 AM 10177 North Kings Hwy Myrtle Beach, SC 29572"
(405) 218-5200,"00 AM 1000 Cabelas Drive Fort Mill, SC 29708"
(405) 546-3500,"00 AM 601 Cabela Drive Mitchell, SD 57301"
(918) 355-7600,"00 AM 3231 E Mall Dr Rapid City, SD 57701"
(503) 822-2000,"00 AM 6140 Macon Rd Memphis, TN 38134"
(541) 349-5760,"00 AM 3629 Outdoor Sportsmans Place Kodak, TN 37764"
(717) 565-5200,"00 AM 323 Opry Mills Dr Nashville, TN 37214"
(610) 929-7000,"00 AM 1000 Bass Pro Dr Chattanooga, TN 37412"
(864) 516-8100,"00 AM 1 Bass Pro Dr Bristol, TN 37620"
(843) 361-4800,"00 AM 1 Bass Pro Dr Memphis, TN 38105"
(980) 337-2600,"00 AM 5001 Bass Pro Dr Garland, TX 75043"
(605) 996-0337,"00 AM 5000 Katy Mills Circle Suite 415 Katy, TX 77494"
(605) 388-5600,"00 AM 3720 S State Highway 161 Grand Prairie, TX 75052"
(901) 213-5800,"00 AM 3030 W Loop 289 Lubbock, TX 79407"
(865) 932-5600,"00 AM 2700 Marketplace Drive Waco, TX 76711"
(615) 514-5200,"00 AM 2501 Bass Pro Dr Grapevine, TX 76051"
(423) 242-4000,"00 AM 2421 Gulf Fwy S League City, TX 77573"
(423) 990-5200,"00 AM 200 Bass Pro Dr Round Rock, TX 78665"
(901) 291-8200,"10 West San Antonio, TX 78257"
(915) 263-8100,"00 AM 1771 Spring Stuebner Road Spring, TX 77388"
(469) 221-2600,"00 AM 15570 South Interstate 35 Frontage Road Buda, TX 78610"
(281) 644-2200,"00 AM 12901 Cabelas Drive Fort Worth, TX 76177"
(469) 928-2700,"00 AM 101 Bass Pro Dr Harlingen, TX 78552"
(806) 472-4300,"00 AM 1000 Bass Pro Dr Pearland, TX 77047"
(254) 870-4300,"00 AM 1 Cabela Drive Allen, TX 75002"
(972) 724-2018,"00 AM 391 N Cabela Dr Farmington, UT 84025"
(346) 231-0200,"00 AM 5000 Cabela Drive Henrico, VA 23233"
(512) 876-2700,"00 AM 1972 Power Plant Parkway Hampton, VA 23666"
(210) 253-8800,"00 AM 11550 Lakeridge Parkway Ashland, VA 23005"
(346) 224-9222,"00 AM 9810 Quil Ceda Boulevard Tulalip, WA 98271"
(512) 295-1100,"00 AM 7905 S Hosmer St Tacoma, WA 98408"
(817) 337-2400,"00 AM 1600 Gateway Boulevard Northeast Lacey, WA 98516"
(956) 291-5200,"00 AM 1400 E Washington Ave Union Gap, WA 98903"
(713) 770-5100,"00 AM 200 Cross Terrace Blvd Charleston, WV 25309"
(214) 383-0502,"00 AM 200 Bass Pro Drive Morgantown, WV 26501"
(801) 939-3700,"00 AM 1 Cabela Drive Triadelphia, WV 26059"
(801) 766-2500,"00 AM 33901 St Hwy 35 Prairie du Chien, WI 53821"
(571) 222-9000,"00 AM 1499 Lombardi Avenue Ashwaubenon, WI 54304"
(804) 340-7300,"00 AM 1350 Cabela Drive Sun Prairie, WI 53590"
(757) 262-5200,"00 AM 1 Cabela Way Richfield, WI 53076"
(804) 496-4700,"00 AM 7090 Cabela Drive NW Huntsville, AL 35806"
(360) 474-4880,"00 AM 5000 Bass Pro Blvd Leeds, AL 35094"
(253) 671-5700,"00 AM 2553 Rocky Mount Rd Prattville, AL 36066"
(360) 252-3500,"00 AM 20000 Bass Pro Dr Spanish Fort, AL 36527"
(509) 941-2100,"00 PM 3046 Mountain View Dr Anchorage, AK 99501"
(304) 400-6000,"00 PM 155 W 104th Avenue Anchorage, AK 99515"
(681) 285-6400,"00 AM 9380 W Glendale Ave Glendale, AZ 85305"
(304) 238-0120,"00 AM 1133 North Dobson Mesa, AZ 85201"
(608) 326-5600,"00 AM 2300 S Promenade Blvd Rogers, AR 72758"
(920) 264-0140,"00 AM 1 Bass Pro Dr Little Rock, AR 72210"
(608) 478-4100,"00 AM 7777 Victoria Gardens Lane Rancho Cucamonga, CA 91739"
(262) 628-5700,"00 PM 71 Technology Drive Irvine, CA 92618"
(256) 517-7200,"00 AM 5472 Crossings Dr Rocklin, CA 95677"
(205) 702-7500,"00 AM 5160 Cherry Ave San Jose, CA 95118"
(334) 290-6400,"00 AM 1356 Bass Pro Dr Manteca, CA 95337"
(251) 607-5900,"00 AM 7970 Northfield Blvd Denver, CO 80238"
(907) 330-5200,"00 AM 2424 US Hwy 6 Grand Junction, CO 81505"
(907) 341-3400,"00 AM 14050 Lincoln Street Thornton, CO 80023"
(623) 872-6700,"00 AM 13012 Bass Pro Dr Colorado Springs, CO 80921"
(602) 606-5600,"00 AM 10670 Cabela Dr Lone Tree, CO 80124"
(479) 616-1925,"00 AM 475 E Hartford Blvd East Hartford, CT 06118"
(501) 954-4500,"00 AM 1 Bass Pro Dr Bridgeport, CT 06608"
(909) 922-5500,"1410 Newark, DE 19702"
(949) 705-3700,"00 AM 81576 Overseas Highway Islamorada, FL 33036"
(916) 251-3800,"00 AM 750 Bass Pro Dr NE Palm Bay, FL 32905"
(669) 234-5700,"00 AM 5156 International Dr Orlando, FL 32819"
(209) 825-8400,"00 AM 4301 Legendary Dr Destin, FL 32541"
(720) 385-3600,"00 AM 4059 Lagniappe Way Tallahassee, FL 32317"
(970) 683-5000,"00 AM 2650 Bass Pro Shops Blvd Gainesville, FL 32608"
(303) 625-6100,"00 AM 200 Gulf Stream Way Dania Beach, FL 33004"
(719) 488-7300,"100 Daytona Beach, FL 32114"
(303) 625-9920,"00 AM 11551 Northwest 12th St Miami, FL 33172"
(860) 290-6200,"00 AM 10501 Palm River Rd Tampa, FL 33619"
(203) 362-4200,"00 AM 833 Cabela Drive Augusta, GA 30909"
(302) 266-2300,"00 AM 5900 Sugarloaf Pkwy Suite 129 Lawrenceville, GA 30043"
(305) 664-4615,"00 AM 5000 Bass Pro Blvd Macon, GA 31210"
(321) 674-3700,"00 AM 152 Northpoint Parkway Acworth, GA 30102"
(407) 563-5200,"1503 Savannah, GA 31419"
(850) 269-6200,"00 AM 8109 West Franklin Road Boise, ID 83709"
(850) 402-6900,"00 AM 3693 South 25th East Ammon, ID 83406"
(904) 815-6100,"00 AM 101 N Cabela Way Post Falls, ID 83854"
(352) 204-4100,"00 AM 709 Janes Ave Bolingbrook, IL 60440"
(772) 785-7600,"00 AM 6112 West Grand Ave Gurnee, IL 60031"
(954) 929-7710,"00 AM 5225 Prairie Stone Pkwy Hoffman Estates, IL 60192"
(386) 281-4300,"00 AM 1000 Bass Pro Shops Dr East Peoria, IL 61611"
(305) 341-4200,"00 AM 7700 Cabela Dr Hammond, IN 46324"
(813) 655-2400,"00 AM 6425 Daniel Burnham Dr Portage, IN 46368"
(239) 461-7800,"00 AM 13725 Cabela Parkway Noblesville, IN 46060"
(762) 444-6500,"00 AM 2901 Bass Pro Dr Council Bluffs, IA 51501"
(678) 847-5500,"00 AM 1000 Bass Pro Dr NW Altoona, IA 50009"
(478) 757-7600,"00 AM 2427 N Greenwich Rd Wichita, KS 67226"
(470) 315-7500,"00 AM 12051 Bass Pro Dr Olathe, KS 66061"
(912) 961-4200,"00 AM 10300 Cabela Drive Kansas City, KS 66111"
(208) 672-7900,"00 AM 5100 Norton Healthcare Blvd Louisville, KY 40241"
(208) 932-2900,"00 AM 1510 Conservation Way Lexington, KY 40509"
(208) 777-6300,"00 AM 175 Bass Pro Blvd Denham Springs, LA 70726"
(630) 296-2700,"00 AM 100 Bass Pro Dr Bossier City, LA 71111"
(847) 856-1229,"2 Hanover, MD 21076"
(847) 645-0400,"00 AM 44 Highland Common Hudson, MA 01749"
(309) 427-3400,"00 AM 1 Bass Pro Dr Foxborough, MA 02035"
(812) 218-5500,"00 AM 5202 Bay Road Saginaw, MI 48604"
(219) 845-9040,"00 AM 4500 Baldwin Rd Auburn Hills, MI 48326"
(219) 787-6800,"00 AM 3000 44th Street Southwest Grandville, MI 49418"
(317) 565-6400,"00 AM 110 Cabela Blvd East Dundee, MI 48131"
(712) 325-6000,"00 AM 8400 Hudson Road Woodbury, MN 55125"
(515) 957-5500,"00 AM 3900 Cabela Drive Owatonna, MN 55060"
(316) 854-3130,"00 AM 210 Demers Ave NW East Grand Forks, MN 56721"
(913) 254-5200,"00 AM 20200 Rogers Drive Rogers, MN 55374"
(913) 328-0322,"00 AM 100 Bass Pro Dr Pearl, MS 39208"
(502) 365-9020,"167 Hazelwood, MO 63042"
(270) 936-8300,"00 AM 3600 South Lindbergh Blvd Sunset Hills, MO 63127"
(859) 286-5300,"00 AM 3101 Bass Pro Dr Columbia, MO 65202"
(225) 743-3400,"00 AM 2011 S Campbell Avenue Springfield, MO 65807"
(225) 271-3100,"00 AM 18001 Bass Pro Dr Independence, MO 64055"
(318) 549-8800,"00 AM 1 Bass Pro Dr Springfield, MO 65807"
(207) 883-7400,"00 AM 1 Bass Pro Dr Branson, MO 65616"
(410) 689-2500,"00 AM 4550 King Avenue East Billings, MT 59101"
(978) 212-6200,"00 AM 3650 Brooks Street Missoula, MT 59801"
(508) 216-2000,"00 AM 125 Treeline Road Kalispell, MT 59901"
(989) 321-5700,"00 AM 3600 US 30 Kearney, NE 68847"
(586) 273-5100,"00 AM 12703 Westport Parkway La Vista, NE 68138"
(248) 209-4200,"00 AM 115 Cabela Drive Sidney, NE 69162"
(616) 682-6700,"00 AM 8650 Boomtown Garson Road Verdi, NV 89439"
(734) 529-4700,"00 AM 8200 Dean Martin Dr Las Vegas, NV 89139"
(612) 255-0000,"00 AM 2 Commerce Dr Hooksett, NH 03106"
(507) 451-4545,"00 AM 30 N Christopher Columbus Blvd Atlantic City, NJ 08401"
(218) 773-0282,"00 AM 5151 Lang Ave NE Albuquerque, NM 87109"
(763) 493-8600,"00 AM 710 Horatio St Utica, NY 13502"
(601) 933-3700,"00 AM 2003 Walden Ave Cheektowaga, NY 14225"
(314) 225-0100,"00 AM 1579 Clark St Rd Auburn, NY 13021"
(314) 946-2000,"00 AM 8181 Concord Mills Blvd Concord, NC 28027"
(573) 886-7100,"00 AM 801 Bass Pro Lane Cary, NC 27513"
(417) 891-5375,"00 AM 201 Cabela Drive Garner, NC 27529"
(816) 795-4300,"00 AM 5951 Bass Pro Drive West Chester, OH 45069"
(636) 688-2500,"00 AM 5500 Cornerstone North Blvd Centerville, OH 45440"
(417) 887-7334,"00 AM 35685 Chester Road Avon, OH 44011"
(417) 243-5200,"00 AM 2390 Niles Cortland Road SE Niles, OH 44484"
(406) 373-7300,"00 AM 1650 Gemini Pl Columbus, OH 43240"
(406) 203-5400,"00 AM 10000 Bass Pro Blvd Rossford, OH 43460"
(406) 203-5200,"00 AM 200 Bass Pro Dr Oklahoma City, OK 73104"
(308) 234-3933,"00 AM 1200 W Memorial Rd Oklahoma City, OK 73114"
(402) 861-4800,"00 AM 101 Bass Pro Dr Broken Arrow, OK 74012"
(308) 255-7889,"00 AM 7555 Southwest Nyberg Street Tualatin, OR 97062"
(775) 829-4100,"00 AM 2800 Gateway Street Springfield, OR 97477"
(702) 730-5200,"00 AM 3501 Paxton St Harrisburg, PA 17111"
(603) 541-5200,"00 AM 100 Cabela Drive Hamburg, PA 19526"
(609) 449-4500,"101 Greenville, SC 29607"
(505) 336-2700,"00 AM 10177 North Kings Hwy Myrtle Beach, SC 29572"
(315) 266-4900,"00 AM 1000 Cabelas Drive Fort Mill, SC 29708"
(716) 608-4770,"00 AM 601 Cabela Drive Mitchell, SD 57301"
(315) 258-2700,"00 AM 3231 E Mall Dr Rapid City, SD 57701"
(704) 979-2200,"00 AM 6140 Macon Rd Memphis, TN 38134"
(919) 677-5100,"00 AM 3629 Outdoor Sportsmans Place Kodak, TN 37764"
(984) 204-2200,"00 AM 323 Opry Mills Dr Nashville, TN 37214"
(513) 712-5600,"00 AM 1000 Bass Pro Dr Chattanooga, TN 37412"
(937) 949-2000,"00 AM 1 Bass Pro Dr Bristol, TN 37620"
(440) 723-5600,"00 AM 1 Bass Pro Dr Memphis, TN 38105"
(330) 989-7600,"00 AM 5001 Bass Pro Dr Garland, TX 75043"
(614) 702-2300,"00 AM 5000 Katy Mills Circle Suite 415 Katy, TX 77494"
(419) 891-3900,"00 AM 3720 S State Highway 161 Grand Prairie, TX 75052"
(405) 218-5200,"00 AM 3030 W Loop 289 Lubbock, TX 79407"
(405) 546-3500,"00 AM 2700 Marketplace Drive Waco, TX 76711"
(918) 355-7600,"00 AM 2501 Bass Pro Dr Grapevine, TX 76051"
(503) 822-2000,"00 AM 2421 Gulf Fwy S League City, TX 77573"
(541) 349-5760,"00 AM 200 Bass Pro Dr Round Rock, TX 78665"
(717) 565-5200,"10 West San Antonio, TX 78257"
(610) 929-7000,"00 AM 1771 Spring Stuebner Road Spring, TX 77388"
(864) 516-8100,"00 AM 15570 South Interstate 35 Frontage Road Buda, TX 78610"
(843) 361-4800,"00 AM 12901 Cabelas Drive Fort Worth, TX 76177"
(980) 337-2600,"00 AM 101 Bass Pro Dr Harlingen, TX 78552"
(605) 996-0337,"00 AM 1000 Bass Pro Dr Pearland, TX 77047"
(605) 388-5600,"00 AM 1 Cabela Drive Allen, TX 75002"
(901) 213-5800,"00 AM 391 N Cabela Dr Farmington, UT 84025"
(865) 932-5600,"00 AM 5000 Cabela Drive Henrico, VA 23233"
(615) 514-5200,"00 AM 1972 Power Plant Parkway Hampton, VA 23666"
(423) 242-4000,"00 AM 11550 Lakeridge Parkway Ashland, VA 23005"
(423) 990-5200,"00 AM 9810 Quil Ceda Boulevard Tulalip, WA 98271"
(901) 291-8200,"00 AM 7905 S Hosmer St Tacoma, WA 98408"
(915) 263-8100,"00 AM 1600 Gateway Boulevard Northeast Lacey, WA 98516"
(469) 221-2600,"00 AM 1400 E Washington Ave Union Gap, WA 98903"
(281) 644-2200,"00 AM 200 Cross Terrace Blvd Charleston, WV 25309"
(469) 928-2700,"00 AM 200 Bass Pro Drive Morgantown, WV 26501"
(806) 472-4300,"00 AM 1 Cabela Drive Triadelphia, WV 26059"
(254) 870-4300,"00 AM 33901 St Hwy 35 Prairie du Chien, WI 53821"
(972) 724-2018,"00 AM 1499 Lombardi Avenue Ashwaubenon, WI 54304"
(346) 231-0200,"00 AM 1350 Cabela Drive Sun Prairie, WI 53590"
(512) 876-2700,"00 AM 1 Cabela Way Richfield, WI 53076"
(210) 253-8800,"00 AM 7090 Cabela Drive NW Huntsville, AL 35806"
(346) 224-9222,"00 AM 5000 Bass Pro Blvd Leeds, AL 35094"
(512) 295-1100,"00 AM 2553 Rocky Mount Rd Prattville, AL 36066"
(817) 337-2400,"00 AM 20000 Bass Pro Dr Spanish Fort, AL 36527"
(956) 291-5200,"00 PM 3046 Mountain View Dr Anchorage, AK 99501"
(713) 770-5100,"00 PM 155 W 104th Avenue Anchorage, AK 99515"
(214) 383-0502,"00 AM 9380 W Glendale Ave Glendale, AZ 85305"
(801) 939-3700,"00 AM 1133 North Dobson Mesa, AZ 85201"
(801) 766-2500,"00 AM 2300 S Promenade Blvd Rogers, AR 72758"
(571) 222-9000,"00 AM 1 Bass Pro Dr Little Rock, AR 72210"
(804) 340-7300,"00 AM 7777 Victoria Gardens Lane Rancho Cucamonga, CA 91739"
(757) 262-5200,"00 PM 71 Technology Drive Irvine, CA 92618"
(804) 496-4700,"00 AM 5472 Crossings Dr Rocklin, CA 95677"
(360) 474-4880,"00 AM 5160 Cherry Ave San Jose, CA 95118"
(253) 671-5700,"00 AM 1356 Bass Pro Dr Manteca, CA 95337"
(360) 252-3500,"00 AM 7970 Northfield Blvd Denver, CO 80238"
(509) 941-2100,"00 AM 2424 US Hwy 6 Grand Junction, CO 81505"
(304) 400-6000,"00 AM 14050 Lincoln Street Thornton, CO 80023"
(681) 285-6400,"00 AM 13012 Bass Pro Dr Colorado Springs, CO 80921"
(304) 238-0120,"00 AM 10670 Cabela Dr Lone Tree, CO 80124"
(608) 326-5600,"00 AM 475 E Hartford Blvd East Hartford, CT 06118"
(920) 264-0140,"00 AM 1 Bass Pro Dr Bridgeport, CT 06608"
(608) 478-4100,"1410 Newark, DE 19702"
(262) 628-5700,"00 AM 81576 Overseas Highway Islamorada, FL 33036"
(256) 517-7200,"00 AM 750 Bass Pro Dr NE Palm Bay, FL 32905"
(205) 702-7500,"00 AM 5156 International Dr Orlando, FL 32819"
(334) 290-6400,"00 AM 4301 Legendary Dr Destin, FL 32541"
(251) 607-5900,"00 AM 4059 Lagniappe Way Tallahassee, FL 32317"
(907) 330-5200,"00 AM 2650 Bass Pro Shops Blvd Gainesville, FL 32608"
(907) 341-3400,"00 AM 200 Gulf Stream Way Dania Beach, FL 33004"
(623) 872-6700,"100 Daytona Beach, FL 32114"
(602) 606-5600,"00 AM 11551 Northwest 12th St Miami, FL 33172"
(479) 616-1925,"00 AM 10501 Palm River Rd Tampa, FL 33619"
(501) 954-4500,"00 AM 833 Cabela Drive Augusta, GA 30909"
(909) 922-5500,"00 AM 5900 Sugarloaf Pkwy Suite 129 Lawrenceville, GA 30043"
(949) 705-3700,"00 AM 5000 Bass Pro Blvd Macon, GA 31210"
(916) 251-3800,"00 AM 152 Northpoint Parkway Acworth, GA 30102"
(669) 234-5700,"1503 Savannah, GA 31419"
(209) 825-8400,"00 AM 8109 West Franklin Road Boise, ID 83709"
(720) 385-3600,"00 AM 3693 South 25th East Ammon, ID 83406"
(970) 683-5000,"00 AM 101 N Cabela Way Post Falls, ID 83854"
(303) 625-6100,"00 AM 709 Janes Ave Bolingbrook, IL 60440"
(719) 488-7300,"00 AM 6112 West Grand Ave Gurnee, IL 60031"
(303) 625-9920,"00 AM 5225 Prairie Stone Pkwy Hoffman Estates, IL 60192"
(860) 290-6200,"00 AM 1000 Bass Pro Shops Dr East Peoria, IL 61611"
(203) 362-4200,"00 AM 7700 Cabela Dr Hammond, IN 46324"
(302) 266-2300,"00 AM 6425 Daniel Burnham Dr Portage, IN 46368"
(305) 664-4615,"00 AM 13725 Cabela Parkway Noblesville, IN 46060"
(321) 674-3700,"00 AM 2901 Bass Pro Dr Council Bluffs, IA 51501"
(407) 563-5200,"00 AM 1000 Bass Pro Dr NW Altoona, IA 50009"
(850) 269-6200,"00 AM 2427 N Greenwich Rd Wichita, KS 67226"
(850) 402-6900,"00 AM 12051 Bass Pro Dr Olathe, KS 66061"
(904) 815-6100,"00 AM 10300 Cabela Drive Kansas City, KS 66111"
(352) 204-4100,"00 AM 5100 Norton Healthcare Blvd Louisville, KY 40241"
(772) 785-7600,"00 AM 1510 Conservation Way Lexington, KY 40509"
(954) 929-7710,"00 AM 175 Bass Pro Blvd Denham Springs, LA 70726"
(386) 281-4300,"00 AM 100 Bass Pro Dr Bossier City, LA 71111"
(305) 341-4200,"2 Hanover, MD 21076"
(813) 655-2400,"00 AM 44 Highland Common Hudson, MA 01749"
(239) 461-7800,"00 AM 1 Bass Pro Dr Foxborough, MA 02035"
(762) 444-6500,"00 AM 5202 Bay Road Saginaw, MI 48604"
(678) 847-5500,"00 AM 4500 Baldwin Rd Auburn Hills, MI 48326"
(478) 757-7600,"00 AM 3000 44th Street Southwest Grandville, MI 49418"
(470) 315-7500,"00 AM 110 Cabela Blvd East Dundee, MI 48131"
(912) 961-4200,"00 AM 8400 Hudson Road Woodbury, MN 55125"
(208) 672-7900,"00 AM 3900 Cabela Drive Owatonna, MN 55060"
(208) 932-2900,"00 AM 210 Demers Ave NW East Grand Forks, MN 56721"
(208) 777-6300,"00 AM 20200 Rogers Drive Rogers, MN 55374"
(630) 296-2700,"00 AM 100 Bass Pro Dr Pearl, MS 39208"
(847) 856-1229,"167 Hazelwood, MO 63042"
(847) 645-0400,"00 AM 3600 South Lindbergh Blvd Sunset Hills, MO 63127"
(309) 427-3400,"00 AM 3101 Bass Pro Dr Columbia, MO 65202"
(812) 218-5500,"00 AM 2011 S Campbell Avenue Springfield, MO 65807"
(219) 845-9040,"00 AM 18001 Bass Pro Dr Independence, MO 64055"
(219) 787-6800,"00 AM 1 Bass Pro Dr Springfield, MO 65807"
(317) 565-6400,"00 AM 1 Bass Pro Dr Branson, MO 65616"
(712) 325-6000,"00 AM 4550 King Avenue East Billings, MT 59101"
(515) 957-5500,"00 AM 3650 Brooks Street Missoula, MT 59801"
(316) 854-3130,"00 AM 125 Treeline Road Kalispell, MT 59901"
(913) 254-5200,"00 AM 3600 US 30 Kearney, NE 68847"
(913) 328-0322,"00 AM 12703 Westport Parkway La Vista, NE 68138"
(502) 365-9020,"00 AM 115 Cabela Drive Sidney, NE 69162"
(270) 936-8300,"00 AM 8650 Boomtown Garson Road Verdi, NV 89439"
(859) 286-5300,"00 AM 8200 Dean Martin Dr Las Vegas, NV 89139"
(225) 743-3400,"00 AM 2 Commerce Dr Hooksett, NH 03106"
(225) 271-3100,"00 AM 30 N Christopher Columbus Blvd Atlantic City, NJ 08401"
(318) 549-8800,"00 AM 5151 Lang Ave NE Albuquerque, NM 87109"
(207) 883-7400,"00 AM 710 Horatio St Utica, NY 13502"
(410) 689-2500,"00 AM 2003 Walden Ave Cheektowaga, NY 14225"
(978) 212-6200,"00 AM 1579 Clark St Rd Auburn, NY 13021"
(508) 216-2000,"00 AM 8181 Concord Mills Blvd Concord, NC 28027"
(989) 321-5700,"00 AM 801 Bass Pro Lane Cary, NC 27513"
(586) 273-5100,"00 AM 201 Cabela Drive Garner, NC 27529"
(248) 209-4200,"00 AM 5951 Bass Pro Drive West Chester, OH 45069"
(616) 682-6700,"00 AM 5500 Cornerstone North Blvd Centerville, OH 45440"
(734) 529-4700,"00 AM 35685 Chester Road Avon, OH 44011"
(612) 255-0000,"00 AM 2390 Niles Cortland Road SE Niles, OH 44484"
(507) 451-4545,"00 AM 1650 Gemini Pl Columbus, OH 43240"
(218) 773-0282,"00 AM 10000 Bass Pro Blvd Rossford, OH 43460"
(763) 493-8600,"00 AM 200 Bass Pro Dr Oklahoma City, OK 73104"
(601) 933-3700,"00 AM 1200 W Memorial Rd Oklahoma City, OK 73114"
(314) 225-0100,"00 AM 101 Bass Pro Dr Broken Arrow, OK 74012"
(314) 946-2000,"00 AM 7555 Southwest Nyberg Street Tualatin, OR 97062"
(573) 886-7100,"00 AM 2800 Gateway Street Springfield, OR 97477"
(417) 891-5375,"00 AM 3501 Paxton St Harrisburg, PA 17111"
(816) 795-4300,"00 AM 100 Cabela Drive Hamburg, PA 19526"
(636) 688-2500,"101 Greenville, SC 29607"
(417) 887-7334,"00 AM 10177 North Kings Hwy Myrtle Beach, SC 29572"
(417) 243-5200,"00 AM 1000 Cabelas Drive Fort Mill, SC 29708"
(406) 373-7300,"00 AM 601 Cabela Drive Mitchell, SD 57301"
(406) 203-5400,"00 AM 3231 E Mall Dr Rapid City, SD 57701"
(406) 203-5200,"00 AM 6140 Macon Rd Memphis, TN 38134"
(308) 234-3933,"00 AM 3629 Outdoor Sportsmans Place Kodak, TN 37764"
(402) 861-4800,"00 AM 323 Opry Mills Dr Nashville, TN 37214"
(308) 255-7889,"00 AM 1000 Bass Pro Dr Chattanooga, TN 37412"
(775) 829-4100,"00 AM 1 Bass Pro Dr Bristol, TN 37620"
(702) 730-5200,"00 AM 1 Bass Pro Dr Memphis, TN 38105"
(603) 541-5200,"00 AM 5001 Bass Pro Dr Garland, TX 75043"
(609) 449-4500,"00 AM 5000 Katy Mills Circle Suite 415 Katy, TX 77494"
(505) 336-2700,"00 AM 3720 S State Highway 161 Grand Prairie, TX 75052"
(315) 266-4900,"00 AM 3030 W Loop 289 Lubbock, TX 79407"
(716) 608-4770,"00 AM 2700 Marketplace Drive Waco, TX 76711"
(315) 258-2700,"00 AM 2501 Bass Pro Dr Grapevine, TX 76051"
(704) 979-2200,"00 AM 2421 Gulf Fwy S League City, TX 77573"
(919) 677-5100,"00 AM 200 Bass Pro Dr Round Rock, TX 78665"
(984) 204-2200,"10 West San Antonio, TX 78257"
(513) 712-5600,"00 AM 1771 Spring Stuebner Road Spring, TX 77388"
(937) 949-2000,"00 AM 15570 South Interstate 35 Frontage Road Buda, TX 78610"
(440) 723-5600,"00 AM 12901 Cabelas Drive Fort Worth, TX 76177"
(330) 989-7600,"00 AM 101 Bass Pro Dr Harlingen, TX 78552"
(614) 702-2300,"00 AM 1000 Bass Pro Dr Pearland, TX 77047"
(419) 891-3900,"00 AM 1 Cabela Drive Allen, TX 75002"
(405) 218-5200,"00 AM 391 N Cabela Dr Farmington, UT 84025"
(405) 546-3500,"00 AM 5000 Cabela Drive Henrico, VA 23233"
(918) 355-7600,"00 AM 1972 Power Plant Parkway Hampton, VA 23666"
(503) 822-2000,"00 AM 11550 Lakeridge Parkway Ashland, VA 23005"
(541) 349-5760,"00 AM 9810 Quil Ceda Boulevard Tulalip, WA 98271"
(717) 565-5200,"00 AM 7905 S Hosmer St Tacoma, WA 98408"
(610) 929-7000,"00 AM 1600 Gateway Boulevard Northeast Lacey, WA 98516"
(864) 516-8100,"00 AM 1400 E Washington Ave Union Gap, WA 98903"
(843) 361-4800,"00 AM 200 Cross Terrace Blvd Charleston, WV 25309"
(980) 337-2600,"00 AM 200 Bass Pro Drive Morgantown, WV 26501"
(605) 996-0337,"00 AM 1 Cabela Drive Triadelphia, WV 26059"
(605) 388-5600,"00 AM 33901 St Hwy 35 Prairie du Chien, WI 53821"
(901) 213-5800,"00 AM 1499 Lombardi Avenue Ashwaubenon, WI 54304"
(865) 932-5600,"00 AM 1350 Cabela Drive Sun Prairie, WI 53590"
(615) 514-5200,"00 AM 1 Cabela Way Richfield, WI 53076"
