phone_number,Address
+12565177200,"7090 Cabela Drive NW Huntsville , AL 35806"
+12057027500,"5000 Bass Pro Blvd Leeds , AL 35094"
+13342906400,"2553 Rocky Mount Rd Prattville , AL 36066"
+12516075900,"20000 Bass Pro Dr Spanish Fort , AL 36527"
+19073305200,"3046 Mountain View Dr Anchorage , AK 99501"
+19073413400,"155 W 104th Avenue Anchorage , AK 99515"
+16238726700,"9380 W Glendale Ave Glendale , AZ 85305"
+16026065600,"1133 North Dobson Mesa , AZ 85201"
+14796161925,"2300 S Promenade Blvd Rogers , AR 72758"
+15019544500,"1 Bass Pro Dr Little Rock , AR 72210"
+19099225500,"7777 Victoria Gardens Lane Rancho Cucamonga , CA 91739"
+19497053700,"71 Technology Drive Irvine , CA 92618"
+19162513800,"5472 Crossings Dr Rocklin , CA 95677"
+16692345700,"5160 Cherry Ave San Jose , CA 95118"
+12098258400,"1356 Bass Pro Dr Manteca , CA 95337"
+17203853600,"7970 Northfield Blvd Denver , CO 80238"
+19706835000,"2424 US Hwy 6 Grand Junction , CO 81505"
+13036256100,"14050 Lincoln Street Thornton , CO 80023"
+17194887300,"13012 Bass Pro Dr Colorado Springs , CO 80921"
+13036259920,"10670 Cabela Dr Lone Tree , CO 80124"
+18602906200,"475 E Hartford Blvd East Hartford , CT 06118"
+12033624200,"1 Bass Pro Dr Bridgeport , CT 06608"
+13022662300,"1100 Christiana Mall #1410 Newark , DE 19702"
+13056644615,"81576 Overseas Highway Islamorada , FL 33036"
+13216743700,"750 Bass Pro Dr NE Palm Bay , FL 32905"
+14075635200,"5156 International Dr Orlando , FL 32819"
+18502696200,"4301 Legendary Dr Destin , FL 32541"
+18504026900,"4059 Lagniappe Way Tallahassee , FL 32317"
+19048156100,"355 World Commerce Parkway St. Augustine , FL 32092"
+13522044100,"2650 Bass Pro Shops Blvd Gainesville , FL 32608"
+17727857600,"2250 Gatlin Blvd Port St. Lucie , FL 34953"
+19549297710,"200 Gulf Stream Way Dania Beach , FL 33004"
+13862814300,"1880 W Checkered Flag Blvd Ste. N-100 Daytona Beach , FL 32114"
+13053414200,"11551 Northwest 12th St Miami , FL 33172"
+18136552400,"10501 Palm River Rd Tampa , FL 33619"
+12394617800,"10040 Gulf Center Dr Ft. Myers , FL 33913"
+17624446500,"833 Cabela Drive Augusta , GA 30909"
+16788475500,"5900 Sugarloaf Pkwy Suite 129 Lawrenceville , GA 30043"
+14787577600,"5000 Bass Pro Blvd Macon , GA 31210"
+14703157500,"152 Northpoint Parkway Acworth , GA 30102"
+19129614200,"14045 Abercorn St #1503 Savannah , GA 31419"
+12086727900,"8109 West Franklin Road Boise , ID 83709"
+12089322900,"3693 South 25th East Ammon , ID 83406"
+12087776300,"101 N Cabela Way Post Falls , ID 83854"
+16302962700,"709 Janes Ave Bolingbrook , IL 60440"
+18478561229,"6112 West Grand Ave Gurnee , IL 60031"
+18476450400,"5225 Prairie Stone Pkwy Hoffman Estates , IL 60192"
+13094273400,"1000 Bass Pro Shops Dr East Peoria , IL 61611"
+18122185500,"951 E Lewis & Clark Pkwy Clarksville , IN 47129"
+12198459040,"7700 Cabela Dr Hammond , IN 46324"
+12197876800,"6425 Daniel Burnham Dr Portage , IN 46368"
+13175656400,"13725 Cabela Parkway Noblesville , IN 46060"
+17123256000,"2901 Bass Pro Dr Council Bluffs , IA 51501"
+15159575500,"1000 Bass Pro Dr NW Altoona , IA 50009"
+13168543130,"2427 N Greenwich Rd Wichita , KS 67226"
+19132545200,"12051 Bass Pro Dr Olathe , KS 66061"
+19133280322,"10300 Cabela Drive Kansas City , KS 66111"
+15023659020,"5100 Norton Healthcare Blvd Louisville , KY 40241"
+12709368300,"3395 Nell O'Bryan Court Bowling Green , KY 42103"
+18592865300,"1510 Conservation Way Lexington , KY 40509"
+12257433400,"2200 W Cabela's Parkway Gonzales , LA 70737"
+12252713100,"175 Bass Pro Blvd Denham Springs , LA 70726"
+13185498800,"100 Bass Pro Dr Bossier City , LA 71111"
+12078837400,"100 Cabela's Blvd Scarborough , ME 04074"
+14106892500,"7000 Arundel Mills Circle Suite E-2 Hanover , MD 21076"
+19782126200,"44 Highland Common Hudson , MA 01749"
+15082162000,"1 Bass Pro Dr Foxborough , MA 02035"
+19893215700,"5202 Bay Road Saginaw , MI 48604"
+15862735100,"45959 Towne Center Blvd. Chesterfield , MI 48047"
+12482094200,"4500 Baldwin Rd Auburn Hills , MI 48326"
+16166826700,"3000 44th Street Southwest Grandville , MI 49418"
+17345294700,"110 Cabela Blvd East Dundee , MI 48131"
+16122550000,"8400 Hudson Road Woodbury , MN 55125"
+15074514545,"3900 Cabela Drive Owatonna , MN 55060"
+12187730282,"210 Demers Ave NW East Grand Forks , MN 56721"
+17634938600,"20200 Rogers Drive Rogers , MN 55374"
+16019333700,"100 Bass Pro Dr Pearl , MS 39208"
+13142250100,"5555 St Louis Mills Boulevard #167 Hazelwood , MO 63042"
+13149462000,"3600 South Lindbergh Blvd Sunset Hills , MO 63127"
+15738867100,"3101 Bass Pro Dr Columbia , MO 65202"
+14178915375,"2011 S Campbell Avenue Springfield , MO 65807"
+18167954300,"18001 Bass Pro Dr Independence , MO 64055"
+16366882500,"1365 South 5th St St. Charles , MO 63301"
+14178877334,"1 Bass Pro Dr Springfield , MO 65807"
+14172435200,"1 Bass Pro Dr Branson , MO 65616"
+14063737300,"4550 King Avenue East Billings , MT 59101"
+14062035400,"3650 Brooks Street Missoula , MT 59801"
+14062035200,"125 Treeline Road Kalispell , MT 59901"
+13082343933,"3600 US 30 Kearney , NE 68847"
+14028614800,"12703 Westport Parkway La Vista , NE 68138"
+13082557889,"115 Cabela Drive Sidney , NE 69162"
+17758294100,"8650 Boomtown Garson Road Verdi , NV 89439"
+17027305200,"8200 Dean Martin Dr Las Vegas , NV 89139"
+16035415200,"2 Commerce Dr Hooksett , NH 03106"
+16094494500,"30 N Christopher Columbus Blvd Atlantic City , NJ 08401"
+15053362700,"5151 Lang Ave NE Albuquerque , NM 87109"
+13152664900,"710 Horatio St Utica , NY 13502"
+17166084770,"2003 Walden Ave Cheektowaga , NY 14225"
+13152582700,"1579 Clark St Rd Auburn , NY 13021"
+17049792200,"8181 Concord Mills Blvd Concord , NC 28027"
+19196775100,"801 Bass Pro Lane Cary , NC 27513"
+19842042200,"201 Cabela Drive Garner , NC 27529"
+15137125600,"5951 Bass Pro Drive West Chester , OH 45069"
+19379492000,"5500 Cornerstone North Blvd Centerville , OH 45440"
+14407235600,"35685 Chester Road Avon , OH 44011"
+13309897600,"2390 Niles Cortland Road SE Niles , OH 44484"
+16147022300,"1650 Gemini Pl Columbus , OH 43240"
+14198913900,"10000 Bass Pro Blvd Rossford , OH 43460"
+14052185200,"200 Bass Pro Dr Oklahoma City , OK 73104"
+14055463500,"1200 W Memorial Rd Oklahoma City , OK 73114"
+19183557600,"101 Bass Pro Dr Broken Arrow , OK 74012"
+15038222000,"7555 Southwest Nyberg Street Tualatin , OR 97062"
+15413495760,"2800 Gateway Street Springfield , OR 97477"
+17175655200,"3501 Paxton St Harrisburg , PA 17111"
+16109297000,"100 Cabela Drive Hamburg , PA 19526"
+18645168100,"1025 Woodruff Road #H101 Greenville , SC 29607"
+18433614800,"10177 North Kings Hwy Myrtle Beach , SC 29572"
+19803372600,"1000 Cabelas Drive Fort Mill , SC 29708"
+16059960337,"601 Cabela Drive Mitchell , SD 57301"
+16053885600,"3231 E Mall Dr Rapid City , SD 57701"
+19012135800,"6140 Macon Rd Memphis , TN 38134"
+18659325600,"3629 Outdoor Sportsmans Place Kodak , TN 37764"
+16155145200,"323 Opry Mills Dr Nashville , TN 37214"
+14232424000,"1000 Bass Pro Dr Chattanooga , TN 37412"
+14239905200,"1 Bass Pro Dr Bristol , TN 37620"
+19012918200,"1 Bass Pro Dr Memphis , TN 38105"
+19152638100,"6450-10 Desert Blvd. North El Paso , TX 79912"
+14692212600,"5001 Bass Pro Dr Garland , TX 75043"
+12816442200,"5000 Katy Mills Circle Suite 415 Katy , TX 77494"
+14699282700,"3720 S State Highway 161 Grand Prairie , TX 75052"
+18064724300,"3030 W Loop 289 Lubbock , TX 79407"
+12548704300,"2700 Marketplace Drive Waco , TX 76711"
+19727242018,"2501 Bass Pro Dr Grapevine , TX 76051"
+13462310200,"2421 Gulf Fwy S League City , TX 77573"
+15128762700,"200 Bass Pro Dr Round Rock , TX 78665"
+12102538800,"17907 IH-10 West San Antonio , TX 78257"
+13462249222,"1771 Spring Stuebner Road Spring , TX 77388"
+15122951100,"15570 South Interstate 35 Frontage Road Buda , TX 78610"
+18173372400,"12901 Cabelas Drive Fort Worth , TX 76177"
+19562915200,"101 Bass Pro Dr Harlingen , TX 78552"
+17137705100,"1000 Bass Pro Dr Pearland , TX 77047"
+12143830502,"1 Cabela Drive Allen , TX 75002"
+18019393700,"391 N Cabela Dr Farmington , UT 84025"
+18017662500,"2502 West Cabela's Boulevard Lehi , UT 84043"
+15712229000,"5291 Wellington Branch Dr. Gainesville , VA 20155"
+18043407300,"5000 Cabela Drive Henrico , VA 23233"
+17572625200,"1972 Power Plant Parkway Hampton , VA 23666"
+18044964700,"11550 Lakeridge Parkway Ashland , VA 23005"
+13604744880,"9810 Quil Ceda Boulevard Tulalip , WA 98271"
+12536715700,"7905 S Hosmer St Tacoma , WA 98408"
+13602523500,"1600 Gateway Boulevard Northeast Lacey , WA 98516"
+15099412100,"1400 E Washington Ave Union Gap , WA 98903"
+13044006000,"200 Cross Terrace Blvd Charleston , WV 25309"
+16812856400,"200 Bass Pro Drive Morgantown , WV 26501"
+13042380120,"1 Cabela Drive Triadelphia , WV 26059"
+16083265600,"33901 St Hwy 35 Prairie du Chien , WI 53821"
+19202640140,"1499 Lombardi Avenue Ashwaubenon , WI 54304"
+16084784100,"1350 Cabela Drive Sun Prairie , WI 53590"
+12626285700,"1 Cabela Way Richfield , WI 53076"
+1 403 910 0200,"851-64th Avenue Northeast Calgary , AB T2E 3B8"
+1 780 628 9200,"6150 Currents Drive Northwest Edmonton , AB T6W 0L7"
+1 780 670 6100,"15320 37 Street Northwest Edmonton , AB T5Y 0S5"
+1 403 592 3900,"112-261055 Cross Iron Blvd Rocky View , AB T4A0G3"
+1 250 390 7800,"6902 Island Highway North Nanaimo , BC V9V 1P6"
+1 604 948 6200,"5000 Canoe Pass Way Tsawwassen , BC V4M0B3"
+1 604 425 1800,"1818 McCallum Road Abbotsford , BC V2S 0H9"
+1 204 786 8966,"580 Sterling Lyon Parkway Winnipeg , MB R3P 1E9"
+1 506 878 5200,"1 Promenade Bass Pro Dr Dieppe , NB E1A6S5"
+1 902 417 1800,"50 Cabela Road Dartmouth , NS B3B 0M5"
+1 705 735 8900,"Park Place Centre 50 Concert Way Barrie , ON L4N 6N5"
+1 613 319 8600,"3065 Palladium Drive Ottawa , ON K2T 0N2"
+1 905 322 4200,"300 Taylor Rd Ste A1 Niagara-on-the-Lake , ON L0S1J0"
+1 905 761 4000,"1 Bass Pro Mills Dr Vaughan , ON L4K5W4"
+1 306 523 5900,"4901 Gordon Road Regina , SK S4W 0B7"
+1 306 343 4868,"1714 Preston Avenue North Saskatoon , SK S7N 4Y1"
